name,price,img,rating,reviews_count,link,category,subcategory
"3-PIECE car seat with shoulder pad set, baby carriage accessories, suitable for all car seats, baby carriage soft seat belt cove",939,https://pk-live-21.slatic.net/kf/S32b1af24fdc24d579912b0e397ef6c65v.jpg,5.0,1,N/A,mother & baby,baby-gear
"KeaBabies Baby Wrap Carrier, Nursing Cover and Car Seat Cover for Babies - All in 1 Original Breathable Baby Sling, Lightweight,Hands Free Baby Carrier Sling - Baby Car Seat Cover - Baby Carrier Wrap",1099,https://static-01.daraz.pk/p/262aa0384cc8b7d75563ddf8168f566f.png,,,N/A,mother & baby,baby-gear
Baby Stroller Meal Tray - Universal Dining Accessory for Prams & Pushchairs - Eco-Friendly ABS，Sturdy & Safe for All Seasons,3293,https://pk-live-21.slatic.net/kf/Scc2ba874b6d34faeb784e91d6d7ac8ed9.png,,,N/A,mother & baby,baby-gear
Tinnies All-In-One Baby Khaki Playpen with Airy Mesh On Sides,32000,https://static-01.daraz.pk/p/67eda28fb273ad208b8bc58234ee1549.jpg,,,N/A,mother & baby,baby-gear
Tinnies All-In-One Black Playpen with Newborn Bassinet and Changing Station,32000,https://static-01.daraz.pk/p/5c6fcdda1f918349261b0c51a8ab5700.jpg,,,N/A,mother & baby,baby-gear
Tinnies All-In-One Grey Playpen with Rocker,28000,https://static-01.daraz.pk/p/19a38e2aab137d08f98ed80b8eee445e.jpg,,,N/A,mother & baby,baby-gear
"Baby Walker, Baby Walker Foldable, Multi-Function Anti-Rollover Toddler Walker, Suitable for All terrains for Baby Boys and Baby Girls 6-18 Months… (Grey and white)",17000,https://pk-live-21.slatic.net/kf/S1bb0ca83b7fc4a848207890c8b371069N.jpg,,,N/A,mother & baby,baby-gear
Student School Bag Capibala Plush Capybara Bag Casual All-match Fur Bag Large Capacity Backpack School Bag Mochila,761,https://pk-live-21.slatic.net/kf/Sf1985233fed9411b80b53c4fcb9b4d259.jpg,,,N/A,mother & baby,baby-gear
Tinnies All-In-One Baby Bee Playpen with Sleek Design,26995,https://static-01.daraz.pk/p/c882d4eae9b13c80d5fa0c45db7634e6.jpg,,,N/A,mother & baby,baby-gear
Newborn Baby Fancy Basket 0 to 6 months | Baby Carriers | All Colors Availability | Washable and Reusable,5500,https://static-01.daraz.pk/p/7d63a05967bdcd621523918fb86687fd.jpg,5.0,2,N/A,mother & baby,baby-gear
Kids Stroller Cushion Comfortable Soft Available in All Seasons Seat Pads Cart Mat for Car Stroller Pushchair Pram Accessory,2687,https://pk-live-21.slatic.net/kf/S2f81640c50be47a1957404d95eadb34dA.jpg,,,N/A,mother & baby,baby-gear
"Mummy bag , Comfortable bag For All Purpose",1299,https://static-01.daraz.pk/p/388aba0f947943db2ac4dd9202513cfa.jpg,,,N/A,mother & baby,baby-gear
Tinnies All-In-One Baby Bee Playpen with Sleek Design,28000,https://static-01.daraz.pk/p/7d920824dbf7310340d38accfa4d2bf5.jpg,5.0,1,N/A,mother & baby,baby-gear
All In 1 Baby Carrier Bag Baba Carry Belt Strong Material - blue,1099,https://static-01.daraz.pk/p/9c3c807b46a7e485ceeaced2b9e52e2f.jpg,3.5,5,N/A,mother & baby,baby-gear
"3-PIECE car seat with shoulder pad set, baby carriage accessories, suitable for all car seats, baby carriage soft seat belt cove",939,https://pk-live-21.slatic.net/kf/S32b1af24fdc24d579912b0e397ef6c65v.jpg,5.0,1,N/A,mother & baby,baby-gear
"KeaBabies Baby Wrap Carrier, Nursing Cover and Car Seat Cover for Babies - All in 1 Original Breathable Baby Sling, Lightweight,Hands Free Baby Carrier Sling - Baby Car Seat Cover - Baby Carrier Wrap",1099,https://static-01.daraz.pk/p/262aa0384cc8b7d75563ddf8168f566f.png,,,N/A,mother & baby,baby-gear
Baby Stroller Meal Tray - Universal Dining Accessory for Prams & Pushchairs - Eco-Friendly ABS，Sturdy & Safe for All Seasons,3293,https://pk-live-21.slatic.net/kf/Scc2ba874b6d34faeb784e91d6d7ac8ed9.png,,,N/A,mother & baby,baby-gear
Tinnies All-In-One Baby Khaki Playpen with Airy Mesh On Sides,32000,https://static-01.daraz.pk/p/67eda28fb273ad208b8bc58234ee1549.jpg,,,N/A,mother & baby,baby-gear
Tinnies All-In-One Black Playpen with Newborn Bassinet and Changing Station,32000,https://static-01.daraz.pk/p/5c6fcdda1f918349261b0c51a8ab5700.jpg,,,N/A,mother & baby,baby-gear
All-in-one Ergonomic Super Soft & Durable Secure Infant Baby Carrier and Waist Stool Multiple Carrying Modes Convertible All Type Best Newborn and Toddler with Removal Seat All Season Suitable Cotton Interchangeable Positions Adjustable Carrying Options,24999,https://pk-live-21.slatic.net/kf/S54a7e044944f4e8f93a9b9c28d0a0464T.jpg,,,N/A,mother & baby,baby-gear
"DCutie - CPC-Certified Hip Seat Baby Carrier - New Ergonomic Bench Design, Adjustable Waistband & Various Pockets for Newborns & Toddlers up to 44lbs, All Seasons Carrier",3999,https://static-01.daraz.pk/p/928dde701c6b5d5bfcbf5a2c5725842a.jpg,,,N/A,mother & baby,baby-gear
ergonomic soft infant baby carrier and waist stool best newborn and toddler removal seat all season cotton,15000,https://pk-live-21.slatic.net/kf/S54a7e044944f4e8f93a9b9c28d0a0464T.jpg,,,N/A,mother & baby,baby-gear
"Bellababy Baby Walker Foldable Adjustable Height, Multi-Function Anti-Rollover Toddler Walker, Suitable for All terrains for Babies Boys and Girls 7-15 Months",15499,https://static-01.daraz.pk/p/1d17cb84b9ab6a2c05bf580758ff46e4.jpg,,,N/A,mother & baby,baby-gear
"Bellababy Baby Walker Foldable Adjustable Height, Multi-Function Anti-Rollover Toddler Walker, Suitable for All terrains for Babies Boys and Girls 7-15 Months",14899,https://static-01.daraz.pk/p/ce05d21b55d45706a28ed544391b4f49.jpg,,,N/A,mother & baby,baby-gear
junior baby walker  (we deal in all kids products),9990,https://static-01.daraz.pk/p/1cbf17edfef455d4bf52db93c7d7c81f.jpg,,,N/A,mother & baby,baby-gear
Applicable Cubot KingKong Star Material phone shell King Kong Star Phone Case All Inclusive TPU Silicone case,3000,https://static-01.daraz.pk/p/fab293aa00b56d3d8c2b0f44ada9a42d.jpg,,,N/A,mother & baby,baby-gear
All Seasons NewbornFront Facing Kangaroo Wrap  Advanced 4-In-1 Baby Carrier Strap Sling Infant Hipseat Waist Belt Babies Gear,3734,https://pk-live-21.slatic.net/kf/Sb59fd70cbd53404ba56d567ed9b848e0J.jpg,,,N/A,mother & baby,baby-gear
Tinnies All-In-One Grey Playpen with Rocker,28000,https://static-01.daraz.pk/p/19a38e2aab137d08f98ed80b8eee445e.jpg,,,N/A,mother & baby,baby-gear
"Baby Walker, Baby Walker Foldable, Multi-Function Anti-Rollover Toddler Walker, Suitable for All terrains for Baby Boys and Baby Girls 6-18 Months… (Grey and white)",17000,https://pk-live-21.slatic.net/kf/S1bb0ca83b7fc4a848207890c8b371069N.jpg,,,N/A,mother & baby,baby-gear
Student School Bag Capibala Plush Capybara Bag Casual All-match Fur Bag Large Capacity Backpack School Bag Mochila,761,https://pk-live-21.slatic.net/kf/Sf1985233fed9411b80b53c4fcb9b4d259.jpg,,,N/A,mother & baby,baby-gear
Tinnies All-In-One Baby Bee Playpen with Sleek Design,26995,https://static-01.daraz.pk/p/c882d4eae9b13c80d5fa0c45db7634e6.jpg,,,N/A,mother & baby,baby-gear
Newborn Baby Fancy Basket 0 to 6 months | Baby Carriers | All Colors Availability | Washable and Reusable,5500,https://static-01.daraz.pk/p/7d63a05967bdcd621523918fb86687fd.jpg,5.0,2,N/A,mother & baby,baby-gear
Kids Stroller Cushion Comfortable Soft Available in All Seasons Seat Pads Cart Mat for Car Stroller Pushchair Pram Accessory,2687,https://pk-live-21.slatic.net/kf/S2f81640c50be47a1957404d95eadb34dA.jpg,,,N/A,mother & baby,baby-gear
"Mummy bag , Comfortable bag For All Purpose",1299,https://static-01.daraz.pk/p/58d4a53aeb607782a7349c6cf98ab941.jpg,,,N/A,mother & baby,baby-gear
"KeaBabies Baby Wrap Carrier, Nursing Cover and Car Seat Cover for Babies - All in 1 Original Breathable Baby Sling, Lightweight,Hands Free Baby Carrier Sling - Baby Car Seat Cover - Baby Carrier Wrap",1099,https://static-01.daraz.pk/p/418a13c5db8425a18e2e54d20f14200d.png,,,N/A,mother & baby,baby-gear
NEW CAR SHAPE BABYWALKER  (we deal in all kids products),11500,https://static-01.daraz.pk/p/e410588878e236849e0de7e9743e5ad2.jpg,,,N/A,mother & baby,baby-gear
R/C BABY ROCKER SWINGS ALL IN ONE SWINGS,23500,https://static-01.daraz.pk/p/3a78bb76b0bfc35967a1a8aebbabf931.jpg,,,N/A,mother & baby,baby-gear
R/C BABY ROCKER SWINGS ALL IN ONE,23500,https://static-01.daraz.pk/p/9a638dce41632558d5a74084a2eb2278.jpg,,,N/A,mother & baby,baby-gear
Fun Case Baby Bag School Bag and Toy Storage All In One,1999,https://static-01.daraz.pk/p/918039b72a1fa81e428d362e68b4dde9.jpg,4.882352941176471,17,N/A,mother & baby,baby-gear
Children's Bags Cute Fresh Cartoon Rabbit Small Square Bag Casual Versatile Handbag Shoulder Bag Personality All-Matching Western Style,3480,https://static-01.daraz.pk/p/8187c422c6b4f641c7080bfcf0e8c853.jpg,,,N/A,mother & baby,baby-gear
"Mummy bag , Comfortable bag For All Purpose",1299,https://static-01.daraz.pk/p/388aba0f947943db2ac4dd9202513cfa.jpg,,,N/A,mother & baby,baby-gear
Tinnies All-In-One Baby Bee Playpen with Sleek Design,28000,https://static-01.daraz.pk/p/7d920824dbf7310340d38accfa4d2bf5.jpg,5.0,1,N/A,mother & baby,baby-gear
All In 1 Baby Carrier Bag Baba Carry Belt Strong Material - blue,1099,https://static-01.daraz.pk/p/9c3c807b46a7e485ceeaced2b9e52e2f.jpg,3.5,5,N/A,mother & baby,baby-gear
All-in-one Ergonomic Super Soft & Durable Secure Infant Baby Carrier and Waist Stool Multiple Carrying Modes Convertible All Type Best Newborn and Toddler with Removal Seat All Season Suitable Cotton Interchangeable Positions Adjustable Carrying Options,24999,https://pk-live-21.slatic.net/kf/S54a7e044944f4e8f93a9b9c28d0a0464T.jpg,,,N/A,mother & baby,baby-gear
"DCutie - CPC-Certified Hip Seat Baby Carrier - New Ergonomic Bench Design, Adjustable Waistband & Various Pockets for Newborns & Toddlers up to 44lbs, All Seasons Carrier",3999,https://static-01.daraz.pk/p/928dde701c6b5d5bfcbf5a2c5725842a.jpg,,,N/A,mother & baby,baby-gear
ergonomic soft infant baby carrier and waist stool best newborn and toddler removal seat all season cotton,15000,https://pk-live-21.slatic.net/kf/S54a7e044944f4e8f93a9b9c28d0a0464T.jpg,,,N/A,mother & baby,baby-gear
"""Whimsical Cartoon Print Kids Crossbody Bag: Multicolor Travel Companion with Long Strap & Cute Legs! Soft Nylon Material for Comfortable Carrying - Ideal for Little Adventurers! Perfect Gift for Girls on the Go - and Stylish for All Their Travel",890,https://static-01.daraz.pk/p/5293f1192ec51993896b17a1c33f7ecf.jpg,,,N/A,mother & baby,baby-gear
"Mummy bag , Comfortable bag For All Purpose",1299,https://static-01.daraz.pk/p/388aba0f947943db2ac4dd9202513cfa.jpg,,,N/A,mother & baby,baby-gear
"Mummy bag , Comfortable bag For All Purpose",999,https://static-01.daraz.pk/p/58d4a53aeb607782a7349c6cf98ab941.jpg,4.0,5,N/A,mother & baby,baby-gear
【HOT】 Stroller Handle Sleeve Cover Stroller Armrest Sleeve Cover With Snap Closure Fits All Baby Stroller,1836,https://static-01.daraz.pk/p/d18d580fc7a697011ac9c6cff2c04c33.jpg,,,N/A,mother & baby,baby-gear
Baby Seat Straps Shoulder Pads for Kids Super Soft Stroller Seat Belt Covers for All Car Seats Pushchair Stroller High Chair,910,https://pk-live-21.slatic.net/kf/S0e99f1886e634ff2aff5904bcb6320d6o.jpg,,,N/A,mother & baby,baby-gear
"KIDS BAG FUN CASE Baby Bag, School Bag and Toy Storage All In One.",2449,https://static-01.daraz.pk/p/777ab321c31bcd4e749a5b4516a17d73.jpg,,,N/A,mother & baby,baby-gear
"Baby Carrier with Lumbar Support, 360 All-Position Baby Wrap Carrier, Front and Back Carry Options for Versatile Use",1699,https://static-01.daraz.pk/p/6936a5028039796827cf544c10fd27d0.jpg,,,N/A,mother & baby,baby-gear
"Bellababy Baby Walker Foldable Adjustable Height, Multi-Function Anti-Rollover Toddler Walker, Suitable for All terrains for Babies Boys and Girls 7-15 Months",15499,https://static-01.daraz.pk/p/1d17cb84b9ab6a2c05bf580758ff46e4.jpg,,,N/A,mother & baby,baby-gear
"Bellababy Baby Walker Foldable Adjustable Height, Multi-Function Anti-Rollover Toddler Walker, Suitable for All terrains for Babies Boys and Girls 7-15 Months",14899,https://static-01.daraz.pk/p/ce05d21b55d45706a28ed544391b4f49.jpg,,,N/A,mother & baby,baby-gear
junior baby walker  (we deal in all kids products),9990,https://static-01.daraz.pk/p/1cbf17edfef455d4bf52db93c7d7c81f.jpg,,,N/A,mother & baby,baby-gear
Applicable Cubot KingKong Star Material phone shell King Kong Star Phone Case All Inclusive TPU Silicone case,3000,https://static-01.daraz.pk/p/fab293aa00b56d3d8c2b0f44ada9a42d.jpg,,,N/A,mother & baby,baby-gear
All Seasons NewbornFront Facing Kangaroo Wrap  Advanced 4-In-1 Baby Carrier Strap Sling Infant Hipseat Waist Belt Babies Gear,3734,https://pk-live-21.slatic.net/kf/Sb59fd70cbd53404ba56d567ed9b848e0J.jpg,,,N/A,mother & baby,baby-gear
"DD-8013 Stylish Mini Portable Handheld Desktop USB Rechargeable Fan – Versatile, Adorable, and Perfect for All Ages",1975,https://static-01.daraz.pk/p/a8b2e9529387f87a9b8f8d4205e65cd1.jpg,,,N/A,mother & baby,baby-gear
"Adjustable Child Safety Seat Mat for All Ages, Breathable Stroller Seat Pad with Comfortable Cushion",2844,https://pk-live-21.slatic.net/kf/S229d92ef5c8544e48136db729e5872d4v.jpg,,,N/A,mother & baby,baby-gear
"Baby Carrier with Lumbar Support, 360 All-Position Design for Front and Back, Backpack Style for Enhanced Mobility",1699,https://static-01.daraz.pk/p/6936a5028039796827cf544c10fd27d0.jpg,,,N/A,mother & baby,baby-gear
Baby Carrier with Lumbar Support 360 All-Position Baby Wrap Carrier Front and Back Backpack Carrier for Breastfeeding Newborn Infant Toddler - Kids Baby Belt,1799,https://static-01.daraz.pk/p/22ea2fd713a2c263e11bbd8da7283b8e.jpg,1.5,2,N/A,mother & baby,baby-gear
"Mummy bag , Comfortable bag For All Purpose",1299,https://static-01.daraz.pk/p/58d4a53aeb607782a7349c6cf98ab941.jpg,,,N/A,mother & baby,baby-gear
"KeaBabies Baby Wrap Carrier, Nursing Cover and Car Seat Cover for Babies - All in 1 Original Breathable Baby Sling, Lightweight,Hands Free Baby Carrier Sling - Baby Car Seat Cover - Baby Carrier Wrap",1099,https://static-01.daraz.pk/p/418a13c5db8425a18e2e54d20f14200d.png,,,N/A,mother & baby,baby-gear
NEW CAR SHAPE BABYWALKER  (we deal in all kids products),11500,https://static-01.daraz.pk/p/e410588878e236849e0de7e9743e5ad2.jpg,,,N/A,mother & baby,baby-gear
R/C BABY ROCKER SWINGS ALL IN ONE SWINGS,23500,https://static-01.daraz.pk/p/3a78bb76b0bfc35967a1a8aebbabf931.jpg,,,N/A,mother & baby,baby-gear
R/C BABY ROCKER SWINGS ALL IN ONE,23500,https://static-01.daraz.pk/p/9a638dce41632558d5a74084a2eb2278.jpg,,,N/A,mother & baby,baby-gear
Fun Case Baby Bag School Bag and Toy Storage All In One,1999,https://static-01.daraz.pk/p/918039b72a1fa81e428d362e68b4dde9.jpg,4.882352941176471,17,N/A,mother & baby,baby-gear
Children's Bags Cute Fresh Cartoon Rabbit Small Square Bag Casual Versatile Handbag Shoulder Bag Personality All-Matching Western Style,3480,https://static-01.daraz.pk/p/8187c422c6b4f641c7080bfcf0e8c853.jpg,,,N/A,mother & baby,baby-gear
"""Whimsical Cartoon Print Kids Crossbody Bag: Multicolor Travel Companion with Long Strap & Cute Legs! Soft Nylon Material for Comfortable Carrying - Ideal for Little Adventurers! Perfect Gift for Girls on the Go - and Stylish for All Their Travel",890,https://static-01.daraz.pk/p/5293f1192ec51993896b17a1c33f7ecf.jpg,,,N/A,mother & baby,baby-gear
"Mummy bag , Comfortable bag For All Purpose",1299,https://static-01.daraz.pk/p/388aba0f947943db2ac4dd9202513cfa.jpg,,,N/A,mother & baby,baby-gear
"Mummy bag , Comfortable bag For All Purpose",999,https://static-01.daraz.pk/p/58d4a53aeb607782a7349c6cf98ab941.jpg,4.0,5,N/A,mother & baby,baby-gear
【HOT】 Stroller Handle Sleeve Cover Stroller Armrest Sleeve Cover With Snap Closure Fits All Baby Stroller,1836,https://static-01.daraz.pk/p/d18d580fc7a697011ac9c6cff2c04c33.jpg,,,N/A,mother & baby,baby-gear
Baby Seat Straps Shoulder Pads for Kids Super Soft Stroller Seat Belt Covers for All Car Seats Pushchair Stroller High Chair,910,https://pk-live-21.slatic.net/kf/S0e99f1886e634ff2aff5904bcb6320d6o.jpg,,,N/A,mother & baby,baby-gear
"KIDS BAG FUN CASE Baby Bag, School Bag and Toy Storage All In One.",2449,https://static-01.daraz.pk/p/777ab321c31bcd4e749a5b4516a17d73.jpg,,,N/A,mother & baby,baby-gear
"Baby Carrier with Lumbar Support, 360 All-Position Baby Wrap Carrier, Front and Back Carry Options for Versatile Use",1699,https://static-01.daraz.pk/p/6936a5028039796827cf544c10fd27d0.jpg,,,N/A,mother & baby,baby-gear
"DD-8013 Stylish Mini Portable Handheld Desktop USB Rechargeable Fan – Versatile, Adorable, and Perfect for All Ages",1975,https://static-01.daraz.pk/p/a8b2e9529387f87a9b8f8d4205e65cd1.jpg,,,N/A,mother & baby,baby-gear
"Adjustable Child Safety Seat Mat for All Ages, Breathable Stroller Seat Pad with Comfortable Cushion",2844,https://pk-live-21.slatic.net/kf/S229d92ef5c8544e48136db729e5872d4v.jpg,,,N/A,mother & baby,baby-gear
"Baby Carrier with Lumbar Support, 360 All-Position Design for Front and Back, Backpack Style for Enhanced Mobility",1699,https://static-01.daraz.pk/p/6936a5028039796827cf544c10fd27d0.jpg,,,N/A,mother & baby,baby-gear
Baby Carrier with Lumbar Support 360 All-Position Baby Wrap Carrier Front and Back Backpack Carrier for Breastfeeding Newborn Infant Toddler - Kids Baby Belt,1799,https://static-01.daraz.pk/p/22ea2fd713a2c263e11bbd8da7283b8e.jpg,1.5,2,N/A,mother & baby,baby-gear
"Mini Rechargeable Handheld Fan with 3 Adjustable Speed Modes , 1000 mAh Battery, 1.2 Hours Working Time , Portable USB Fan with Stand , Easy to Carry for All Uses, High Quality",650,https://static-01.daraz.pk/p/9002faa9647353bbf6e95232b6d38db5.jpg,,,N/A,mother & baby,baby-gear
All In 1 Baby Carrier Bag Baba Carry Belt Strong Material,1290,https://static-01.daraz.pk/p/c7d0258e3420d72b9165c9d72f656277.jpg,3.5,4,N/A,mother & baby,baby-gear
All In 1 Baby Carrier Bag Baba Carry Belt Strong Material,1899,https://static-01.daraz.pk/p/f1f646e5005527687d2f3fb970cfe285.png,,,N/A,mother & baby,baby-gear
junior baby walker (we deal in all kids products),9195,https://static-01.daraz.pk/p/cf747149f54af9a979558b556589a417.jpg,,,N/A,mother & baby,baby-gear
"All-in-One Baby Walker 4-in-1 Stroller 0011 Racking, Lights, and Music",6999,https://static-01.daraz.pk/p/64b3aa99e078b3bf3d3ead0d2efc3a48.jpg,,,N/A,mother & baby,baby-gear
"Evergreen Fun Case Baby Bag, School Bag and Toy Storage All In One",2399,https://static-01.daraz.pk/p/dbff3e07089f5ea7f0cc16ab7205c13c.jpg,,,N/A,mother & baby,baby-gear
"KIDS BAG FUN CASE Baby Bag, School Bag and Toy Storage All In One.",2499,https://static-01.daraz.pk/p/777ab321c31bcd4e749a5b4516a17d73.jpg,,,N/A,mother & baby,baby-gear
Baby Carrier with Lumbar Support 360 All-Position Baby Wrap Carrier Front and Back Backpack Carrier for Breastfeeding Newborn Infant Toddler - Kids Baby Belt,1799,https://static-01.daraz.pk/p/23ca93f272fde7690d007b599b01e84b.jpg,1.0,1,N/A,mother & baby,baby-gear
The RoboArm World’s Fastest ball thrower effective batting practice Speed from 60km/h to160 km/h to suit all age groups Revolutionary innovation in Cricket skill development easy to use and generate high-speed deliveries with minimal effort.,999,https://static-01.daraz.pk/p/5673d17f4a4f65f9178a11f31afa0e1f.jpg,,,N/A,mother & baby,baby-gear
"Mummy bag , Comfortable bag For All Purpose",1799,https://static-01.daraz.pk/p/29f3fe8c8bead91cda8d2eda31d778cc.jpg,,,N/A,mother & baby,baby-gear
"KIDS BAG FUN CASE Baby Bag, School Bag and Toy Storage All In One.",2449,https://static-01.daraz.pk/p/777ab321c31bcd4e749a5b4516a17d73.jpg,,,N/A,mother & baby,baby-gear
"Mummy bag , Comfortable bag For All Purpose",1418,https://static-01.daraz.pk/p/388aba0f947943db2ac4dd9202513cfa.jpg,,,N/A,mother & baby,baby-gear
"Baby Helmats, Mash Breathable All-Seasonal for Boys Girls Children",2136,https://static-01.daraz.pk/p/4dba2647f2dbc5a143c566598a38b5e0.jpg,,,N/A,mother & baby,baby-gear
All In 1 Baby Carrier Bag Baba Carry Belt Strong Material,1140,https://static-01.daraz.pk/p/7df6d7d85d54e8bb64062898b51b6158.jpg,,,N/A,mother & baby,baby-gear
Baby Carrier with Lumbar Support 360 All-Position Baby Wrap Carrier Front and Back Backpack Carrier for Breastfeeding Newborn Infant Toddler - Kids Baby Belt,1799,https://static-01.daraz.pk/p/22ea2fd713a2c263e11bbd8da7283b8e.jpg,,,N/A,mother & baby,baby-gear
All In 1 Baby Carrier Bag Baba Carry Belt Strong Material,1299,https://static-01.daraz.pk/p/abe80ed2879c19d7db036347283340f6.jpg,,,N/A,mother & baby,baby-gear
All In 1 Baby Carrier Bag Baba Carry Belt Strong Material,1294,https://static-01.daraz.pk/p/7172c58d4ec4e4a8d9ba34b09d07463c.jpg,,,N/A,mother & baby,baby-gear
"Mummy bag , Comfortable bag For All Purpose",1499,https://static-01.daraz.pk/p/388aba0f947943db2ac4dd9202513cfa.jpg,5.0,2,N/A,mother & baby,baby-gear
Pair Of Angry Birds Car Seat Belt Clips For All Cars,600,https://static-01.daraz.pk/p/4f83cd03d80aaec18ed4aff7b039f9a2.jpg,,,N/A,mother & baby,baby-gear
"EVERGREEN FUN CASE Baby Bag, School Bag and Toy Storage All In One.",6500,https://static-01.daraz.pk/p/639bcda7d6e7b46f3b9123dbe26fbaa1.jpg,,,N/A,mother & baby,baby-gear
All In 1 Baby Carrier Bag Baba Carry Belt Strong Material,2499,https://static-01.daraz.pk/p/afddaf9ed81fb57f5f727cb42d6829af.jpg,,,N/A,mother & baby,baby-gear
1 Shoulder Baby Carrier All Seasons Baby Toddler Sling Carrier Soft Breathable Lightweight Multipurpose Hands for Infant,2177,https://static-01.daraz.pk/p/6040a623c89fc62123062793e1dfa786.jpg,,,N/A,mother & baby,baby-gear
junior baby walker (we deal in all kids products),9550,https://static-01.daraz.pk/p/48fb7fdfa3b4d440d208890452d0044c.jpg,,,N/A,mother & baby,baby-gear
All In 1 Baby Carrier Bag Baba Carry Belt Strong Material,1159,https://static-01.daraz.pk/p/d46726dd0077a5b3471bc64e295bad67.jpg,,,N/A,mother & baby,baby-gear
New Born kids Clothing Bags for all kind of Baby accessories like power feeder etc | Kids bags,2499,https://pk-live-21.slatic.net/kf/Se10c878906344b78948e4436239b1544k.jpg,,,N/A,mother & baby,baby-gear
"Baby Hip Seat Carrier ,Waist Stool, Comfortable Adjustable Positions,Breastfeeding,All Seasons",3100,https://pk-live-21.slatic.net/kf/S4a0f8bbb948345d8afaabcc7669cd67bo.jpg,,,N/A,mother & baby,baby-gear
Children's Bag 2024 New Cute Girls' Shoulder Messenger Bag Internet Celebrity All-Match Princess Style Pearl Coin Purse Fashion,1415,https://static-01.daraz.pk/p/e5c4de405225889df0ce519bcb71b7ba.jpg,,,N/A,mother & baby,baby-gear
Children's Bag 2024 New Cute Girls' Shoulder Messenger Bag Internet Celebrity All-Match Princess Style Pearl Coin Purse Fashion,1415,https://static-01.daraz.pk/p/e5c4de405225889df0ce519bcb71b7ba.jpg,,,N/A,mother & baby,baby-gear
Children's Bag 2024 New Cute Girls' Shoulder Messenger Bag Internet Celebrity All-Match Princess Style Pearl Coin Purse Fashion,1415,https://static-01.daraz.pk/p/e5c4de405225889df0ce519bcb71b7ba.jpg,,,N/A,mother & baby,baby-gear
"Baby Car Seat Straps Cover Shoulder Pads for Baby, Baby Car Seat Belt Pads Seat Belt Covers for All Car Seats/Pushchair/Stroller",1394,https://pk-live-21.slatic.net/kf/Scd51e50d5ea548ebb5b5a22232fb44d6B.jpg,,,N/A,mother & baby,baby-gear
Baby Carrier Sling Versatile For All Seasons Multifunctional Shoulder Baby Carrier Four Carrying Methods Front And Back,3132,https://pk-live-21.slatic.net/kf/S7c04070cbd7f489d95951b91c6c6672c5.png,,,N/A,mother & baby,baby-gear
"1:1 Tailor-made Baby Stroller Accessories Raincoat Rain Cover for gb Pockit, gb Pockit Plus, gb Pockit All City",3106,https://pk-live-21.slatic.net/kf/S4c0ce91a53ae4c2cbc56b0efdea46bcau.jpg,,,N/A,mother & baby,baby-gear
"Baby Hip Seat Carrier ,Waist Stool, Comfortable Adjustable Positions,Breastfeeding,All Seasons",3083,https://pk-live-21.slatic.net/kf/S93b481505af448b28b498efbb9070b4as.jpg,,,N/A,mother & baby,baby-gear
1 Shoulder Baby Carrier Hands Baby Toddler Sling Carrier All Seasons Lightweight Multipurpose Breathable Soft for Newborn,2265,https://static-01.daraz.pk/p/ec2861dd08c7c360c30ca45d5f29001b.jpg,,,N/A,mother & baby,baby-gear
"Learning to walk with rope, strangulation, infants children, breathable traction rope all seasons, and anti loss belt for babies",3129,https://static-01.daraz.pk/p/44b68a557b6e398a94d44eb95cc24e08.jpg,,,N/A,mother & baby,baby-gear
"Multi functional baby walking children learning to walk, anti fall traction belt for preventing strangulation, universal all year round",3497,https://static-01.daraz.pk/p/9b7a93243be18eae4c2f9d6d659ad52f.jpg,,,N/A,mother & baby,baby-gear
2024 New Canvas Bag Large Capacity Student Tuition Bag Boys and Girls All-Match Shoulder Bag One Piece Dropshipping,3318,https://static-01.daraz.pk/p/2446e53f4e3b9da718fbd793faaee1f9.jpg,,,N/A,mother & baby,baby-gear
"Baby Carrier with Lumbar Support, 360 All-Position Baby Wrap Carrier, Front and Back Carry Options for On-the-Go Exploration",1699,https://static-01.daraz.pk/p/6936a5028039796827cf544c10fd27d0.jpg,,,N/A,mother & baby,baby-gear
"3-PIECE car seat with shoulder pad set, baby carriage accessories, suitable for all car seats, baby carriage soft seat belt cove",939,https://pk-live-21.slatic.net/kf/S32b1af24fdc24d579912b0e397ef6c65v.jpg,5.0,1,N/A,mother & baby,baby-gear
"KeaBabies Baby Wrap Carrier, Nursing Cover and Car Seat Cover for Babies - All in 1 Original Breathable Baby Sling, Lightweight,Hands Free Baby Carrier Sling - Baby Car Seat Cover - Baby Carrier Wrap",1099,https://static-01.daraz.pk/p/262aa0384cc8b7d75563ddf8168f566f.png,,,N/A,mother & baby,baby-gear
Tinnies All-In-One Baby Khaki Playpen with Airy Mesh On Sides,32000,https://static-01.daraz.pk/p/67eda28fb273ad208b8bc58234ee1549.jpg,,,N/A,mother & baby,baby-gear
Tinnies All-In-One Black Playpen with Newborn Bassinet and Changing Station,32000,https://static-01.daraz.pk/p/5c6fcdda1f918349261b0c51a8ab5700.jpg,,,N/A,mother & baby,baby-gear
Baby Stroller Meal Tray - Universal Dining Accessory for Prams & Pushchairs - Eco-Friendly ABS，Sturdy & Safe for All Seasons,3293,https://pk-live-21.slatic.net/kf/Scc2ba874b6d34faeb784e91d6d7ac8ed9.png,,,N/A,mother & baby,baby-gear
Tinnies All-In-One Grey Playpen with Rocker,28000,https://static-01.daraz.pk/p/19a38e2aab137d08f98ed80b8eee445e.jpg,,,N/A,mother & baby,baby-gear
"Baby Carrier with Lumbar Support, 360 All-Position Design, Front and Back Backpack Carry for Parental Ease",1699,https://static-01.daraz.pk/p/6936a5028039796827cf544c10fd27d0.jpg,,,N/A,mother & baby,baby-gear
All-In-One Comfort Baby Jhullah Swing Cot - The Multipurpose Cradle That Transforms into a Cozy Baby Coat,19599,https://static-01.daraz.pk/p/c8ff1fdee449f383c0bc408926cf230b.jpg,,,N/A,mother & baby,baby-gear
"Baby Walker, Baby Walker Foldable, Multi-Function Anti-Rollover Toddler Walker, Suitable for All terrains for Baby Boys and Baby Girls 6-18 Months… (Grey and white)",17000,https://pk-live-21.slatic.net/kf/S1bb0ca83b7fc4a848207890c8b371069N.jpg,,,N/A,mother & baby,baby-gear
Student School Bag Capibala Plush Capybara Bag Casual All-match Fur Bag Large Capacity Backpack School Bag Mochila,761,https://pk-live-21.slatic.net/kf/Sf1985233fed9411b80b53c4fcb9b4d259.jpg,,,N/A,mother & baby,baby-gear
Tinnies All-In-One Baby Bee Playpen with Sleek Design,26995,https://static-01.daraz.pk/p/c882d4eae9b13c80d5fa0c45db7634e6.jpg,,,N/A,mother & baby,baby-gear
Newborn Baby Fancy Basket 0 to 6 months | Baby Carriers | All Colors Availability | Washable and Reusable,5500,https://static-01.daraz.pk/p/7d63a05967bdcd621523918fb86687fd.jpg,5.0,2,N/A,mother & baby,baby-gear
Kids Stroller Cushion Comfortable Soft Available in All Seasons Seat Pads Cart Mat for Car Stroller Pushchair Pram Accessory,2687,https://pk-live-21.slatic.net/kf/S2f81640c50be47a1957404d95eadb34dA.jpg,,,N/A,mother & baby,baby-gear
"Mummy bag , Comfortable bag For All Purpose",1299,https://static-01.daraz.pk/p/388aba0f947943db2ac4dd9202513cfa.jpg,,,N/A,mother & baby,baby-gear
Tinnies All-In-One Baby Bee Playpen with Sleek Design,28000,https://static-01.daraz.pk/p/7d920824dbf7310340d38accfa4d2bf5.jpg,5.0,1,N/A,mother & baby,baby-gear
All In 1 Baby Carrier Bag Baba Carry Belt Strong Material - blue,1099,https://static-01.daraz.pk/p/9c3c807b46a7e485ceeaced2b9e52e2f.jpg,3.5,5,N/A,mother & baby,baby-gear
"Mini Rechargeable Handheld Fan with 3 Adjustable Speed Modes , 1000 mAh Battery, 1.2 Hours Working Time , Portable USB Fan with Stand , Easy to Carry for All Uses, High Quality",650,https://static-01.daraz.pk/p/9002faa9647353bbf6e95232b6d38db5.jpg,,,N/A,mother & baby,baby-gear
All In 1 Baby Carrier Bag Baba Carry Belt Strong Material,1290,https://static-01.daraz.pk/p/c7d0258e3420d72b9165c9d72f656277.jpg,3.5,4,N/A,mother & baby,baby-gear
All In 1 Baby Carrier Bag Baba Carry Belt Strong Material,1899,https://static-01.daraz.pk/p/f1f646e5005527687d2f3fb970cfe285.png,,,N/A,mother & baby,baby-gear
junior baby walker (we deal in all kids products),9195,https://static-01.daraz.pk/p/cf747149f54af9a979558b556589a417.jpg,,,N/A,mother & baby,baby-gear
"All-in-One Baby Walker 4-in-1 Stroller 0011 Racking, Lights, and Music",6999,https://static-01.daraz.pk/p/64b3aa99e078b3bf3d3ead0d2efc3a48.jpg,,,N/A,mother & baby,baby-gear
"Evergreen Fun Case Baby Bag, School Bag and Toy Storage All In One",2399,https://static-01.daraz.pk/p/dbff3e07089f5ea7f0cc16ab7205c13c.jpg,,,N/A,mother & baby,baby-gear
"KIDS BAG FUN CASE Baby Bag, School Bag and Toy Storage All In One.",2499,https://static-01.daraz.pk/p/777ab321c31bcd4e749a5b4516a17d73.jpg,,,N/A,mother & baby,baby-gear
Baby Carrier with Lumbar Support 360 All-Position Baby Wrap Carrier Front and Back Backpack Carrier for Breastfeeding Newborn Infant Toddler - Kids Baby Belt,1799,https://static-01.daraz.pk/p/23ca93f272fde7690d007b599b01e84b.jpg,1.0,1,N/A,mother & baby,baby-gear
All-in-one Ergonomic Super Soft & Durable Secure Infant Baby Carrier and Waist Stool Multiple Carrying Modes Convertible All Type Best Newborn and Toddler with Removal Seat All Season Suitable Cotton Interchangeable Positions Adjustable Carrying Options,24999,https://pk-live-21.slatic.net/kf/S54a7e044944f4e8f93a9b9c28d0a0464T.jpg,,,N/A,mother & baby,baby-gear
"DCutie - CPC-Certified Hip Seat Baby Carrier - New Ergonomic Bench Design, Adjustable Waistband & Various Pockets for Newborns & Toddlers up to 44lbs, All Seasons Carrier",3999,https://static-01.daraz.pk/p/928dde701c6b5d5bfcbf5a2c5725842a.jpg,,,N/A,mother & baby,baby-gear
ergonomic soft infant baby carrier and waist stool best newborn and toddler removal seat all season cotton,15000,https://pk-live-21.slatic.net/kf/S54a7e044944f4e8f93a9b9c28d0a0464T.jpg,,,N/A,mother & baby,baby-gear
"Bellababy Baby Walker Foldable Adjustable Height, Multi-Function Anti-Rollover Toddler Walker, Suitable for All terrains for Babies Boys and Girls 7-15 Months",15499,https://static-01.daraz.pk/p/1d17cb84b9ab6a2c05bf580758ff46e4.jpg,,,N/A,mother & baby,baby-gear
"Bellababy Baby Walker Foldable Adjustable Height, Multi-Function Anti-Rollover Toddler Walker, Suitable for All terrains for Babies Boys and Girls 7-15 Months",14899,https://static-01.daraz.pk/p/ce05d21b55d45706a28ed544391b4f49.jpg,,,N/A,mother & baby,baby-gear
junior baby walker  (we deal in all kids products),9990,https://static-01.daraz.pk/p/1cbf17edfef455d4bf52db93c7d7c81f.jpg,,,N/A,mother & baby,baby-gear
Applicable Cubot KingKong Star Material phone shell King Kong Star Phone Case All Inclusive TPU Silicone case,3000,https://static-01.daraz.pk/p/fab293aa00b56d3d8c2b0f44ada9a42d.jpg,,,N/A,mother & baby,baby-gear
"Mini Rechargeable Handheld Fan with 3 Adjustable Speed Modes , 1000 mAh Battery, 1.2 Hours Working Time , Portable USB Fan with Stand , Easy to Carry for All Uses, High Quality",650,https://static-01.daraz.pk/p/9002faa9647353bbf6e95232b6d38db5.jpg,,,N/A,mother & baby,baby-gear
All In 1 Baby Carrier Bag Baba Carry Belt Strong Material,1290,https://static-01.daraz.pk/p/c7d0258e3420d72b9165c9d72f656277.jpg,3.5,4,N/A,mother & baby,baby-gear
junior baby walker (we deal in all kids products),9195,https://static-01.daraz.pk/p/cf747149f54af9a979558b556589a417.jpg,,,N/A,mother & baby,baby-gear
"All-in-One Baby Walker 4-in-1 Stroller 0011 Racking, Lights, and Music",6999,https://static-01.daraz.pk/p/64b3aa99e078b3bf3d3ead0d2efc3a48.jpg,,,N/A,mother & baby,baby-gear
"KIDS BAG FUN CASE Baby Bag, School Bag and Toy Storage All In One.",2499,https://static-01.daraz.pk/p/777ab321c31bcd4e749a5b4516a17d73.jpg,,,N/A,mother & baby,baby-gear
"3-PIECE car seat with shoulder pad set, baby carriage accessories, suitable for all car seats, baby carriage soft seat belt cove",939,https://pk-live-21.slatic.net/kf/S32b1af24fdc24d579912b0e397ef6c65v.jpg,5.0,1,N/A,mother & baby,baby-gear
"KeaBabies Baby Wrap Carrier, Nursing Cover and Car Seat Cover for Babies - All in 1 Original Breathable Baby Sling, Lightweight,Hands Free Baby Carrier Sling - Baby Car Seat Cover - Baby Carrier Wrap",1099,https://static-01.daraz.pk/p/262aa0384cc8b7d75563ddf8168f566f.png,,,N/A,mother & baby,baby-gear
Tinnies All-In-One Baby Khaki Playpen with Airy Mesh On Sides,32000,https://static-01.daraz.pk/p/67eda28fb273ad208b8bc58234ee1549.jpg,,,N/A,mother & baby,baby-gear
Tinnies All-In-One Black Playpen with Newborn Bassinet and Changing Station,32000,https://static-01.daraz.pk/p/5c6fcdda1f918349261b0c51a8ab5700.jpg,,,N/A,mother & baby,baby-gear
Baby Stroller Meal Tray - Universal Dining Accessory for Prams & Pushchairs - Eco-Friendly ABS，Sturdy & Safe for All Seasons,3293,https://pk-live-21.slatic.net/kf/Scc2ba874b6d34faeb784e91d6d7ac8ed9.png,,,N/A,mother & baby,baby-gear
Tinnies All-In-One Grey Playpen with Rocker,28000,https://static-01.daraz.pk/p/19a38e2aab137d08f98ed80b8eee445e.jpg,,,N/A,mother & baby,baby-gear
"Baby Walker, Baby Walker Foldable, Multi-Function Anti-Rollover Toddler Walker, Suitable for All terrains for Baby Boys and Baby Girls 6-18 Months… (Grey and white)",17000,https://pk-live-21.slatic.net/kf/S1bb0ca83b7fc4a848207890c8b371069N.jpg,,,N/A,mother & baby,baby-gear
The RoboArm World’s Fastest ball thrower effective batting practice Speed from 60km/h to160 km/h to suit all age groups Revolutionary innovation in Cricket skill development easy to use and generate high-speed deliveries with minimal effort.,999,https://static-01.daraz.pk/p/5673d17f4a4f65f9178a11f31afa0e1f.jpg,,,N/A,mother & baby,baby-gear
"Mummy bag , Comfortable bag For All Purpose",1799,https://static-01.daraz.pk/p/29f3fe8c8bead91cda8d2eda31d778cc.jpg,,,N/A,mother & baby,baby-gear
"KIDS BAG FUN CASE Baby Bag, School Bag and Toy Storage All In One.",2449,https://static-01.daraz.pk/p/777ab321c31bcd4e749a5b4516a17d73.jpg,,,N/A,mother & baby,baby-gear
"Mummy bag , Comfortable bag For All Purpose",1418,https://static-01.daraz.pk/p/388aba0f947943db2ac4dd9202513cfa.jpg,,,N/A,mother & baby,baby-gear
"Baby Helmats, Mash Breathable All-Seasonal for Boys Girls Children",2136,https://static-01.daraz.pk/p/4dba2647f2dbc5a143c566598a38b5e0.jpg,,,N/A,mother & baby,baby-gear
All In 1 Baby Carrier Bag Baba Carry Belt Strong Material,1140,https://static-01.daraz.pk/p/7df6d7d85d54e8bb64062898b51b6158.jpg,,,N/A,mother & baby,baby-gear
"Mummy bag , Comfortable bag For All Purpose",1299,https://static-01.daraz.pk/p/58d4a53aeb607782a7349c6cf98ab941.jpg,,,N/A,mother & baby,baby-gear
"KeaBabies Baby Wrap Carrier, Nursing Cover and Car Seat Cover for Babies - All in 1 Original Breathable Baby Sling, Lightweight,Hands Free Baby Carrier Sling - Baby Car Seat Cover - Baby Carrier Wrap",1099,https://static-01.daraz.pk/p/418a13c5db8425a18e2e54d20f14200d.png,,,N/A,mother & baby,baby-gear
NEW CAR SHAPE BABYWALKER  (we deal in all kids products),11500,https://static-01.daraz.pk/p/e410588878e236849e0de7e9743e5ad2.jpg,,,N/A,mother & baby,baby-gear
R/C BABY ROCKER SWINGS ALL IN ONE SWINGS,23500,https://static-01.daraz.pk/p/3a78bb76b0bfc35967a1a8aebbabf931.jpg,,,N/A,mother & baby,baby-gear
R/C BABY ROCKER SWINGS ALL IN ONE,23500,https://static-01.daraz.pk/p/9a638dce41632558d5a74084a2eb2278.jpg,,,N/A,mother & baby,baby-gear
Fun Case Baby Bag School Bag and Toy Storage All In One,1999,https://static-01.daraz.pk/p/918039b72a1fa81e428d362e68b4dde9.jpg,4.882352941176471,17,N/A,mother & baby,baby-gear
Children's Bags Cute Fresh Cartoon Rabbit Small Square Bag Casual Versatile Handbag Shoulder Bag Personality All-Matching Western Style,3480,https://static-01.daraz.pk/p/8187c422c6b4f641c7080bfcf0e8c853.jpg,,,N/A,mother & baby,baby-gear
Baby Carrier with Lumbar Support 360 All-Position Baby Wrap Carrier Front and Back Backpack Carrier for Breastfeeding Newborn Infant Toddler - Kids Baby Belt,1799,https://static-01.daraz.pk/p/23ca93f272fde7690d007b599b01e84b.jpg,1.0,1,N/A,mother & baby,baby-gear
The RoboArm World’s Fastest ball thrower effective batting practice Speed from 60km/h to160 km/h to suit all age groups Revolutionary innovation in Cricket skill development easy to use and generate high-speed deliveries with minimal effort.,999,https://static-01.daraz.pk/p/5673d17f4a4f65f9178a11f31afa0e1f.jpg,,,N/A,mother & baby,baby-gear
"KIDS BAG FUN CASE Baby Bag, School Bag and Toy Storage All In One.",2449,https://static-01.daraz.pk/p/777ab321c31bcd4e749a5b4516a17d73.jpg,,,N/A,mother & baby,baby-gear
"Mummy bag , Comfortable bag For All Purpose",1418,https://static-01.daraz.pk/p/388aba0f947943db2ac4dd9202513cfa.jpg,,,N/A,mother & baby,baby-gear
Baby Carrier with Lumbar Support 360 All-Position Baby Wrap Carrier Front and Back Backpack Carrier for Breastfeeding Newborn Infant Toddler - Kids Baby Belt,1799,https://static-01.daraz.pk/p/22ea2fd713a2c263e11bbd8da7283b8e.jpg,,,N/A,mother & baby,baby-gear
All In 1 Baby Carrier Bag Baba Carry Belt Strong Material,1299,https://static-01.daraz.pk/p/abe80ed2879c19d7db036347283340f6.jpg,,,N/A,mother & baby,baby-gear
"Mummy bag , Comfortable bag For All Purpose",1499,https://static-01.daraz.pk/p/388aba0f947943db2ac4dd9202513cfa.jpg,5.0,2,N/A,mother & baby,baby-gear
"EVERGREEN FUN CASE Baby Bag, School Bag and Toy Storage All In One.",6500,https://static-01.daraz.pk/p/639bcda7d6e7b46f3b9123dbe26fbaa1.jpg,,,N/A,mother & baby,baby-gear
1 Shoulder Baby Carrier All Seasons Baby Toddler Sling Carrier Soft Breathable Lightweight Multipurpose Hands for Infant,2177,https://static-01.daraz.pk/p/6040a623c89fc62123062793e1dfa786.jpg,,,N/A,mother & baby,baby-gear
Student School Bag Capibala Plush Capybara Bag Casual All-match Fur Bag Large Capacity Backpack School Bag Mochila,761,https://pk-live-21.slatic.net/kf/Sf1985233fed9411b80b53c4fcb9b4d259.jpg,,,N/A,mother & baby,baby-gear
Tinnies All-In-One Baby Bee Playpen with Sleek Design,26995,https://static-01.daraz.pk/p/c882d4eae9b13c80d5fa0c45db7634e6.jpg,,,N/A,mother & baby,baby-gear
Newborn Baby Fancy Basket 0 to 6 months | Baby Carriers | All Colors Availability | Washable and Reusable,5500,https://static-01.daraz.pk/p/7d63a05967bdcd621523918fb86687fd.jpg,5.0,2,N/A,mother & baby,baby-gear
Kids Stroller Cushion Comfortable Soft Available in All Seasons Seat Pads Cart Mat for Car Stroller Pushchair Pram Accessory,2687,https://pk-live-21.slatic.net/kf/S2f81640c50be47a1957404d95eadb34dA.jpg,,,N/A,mother & baby,baby-gear
"Mummy bag , Comfortable bag For All Purpose",1299,https://static-01.daraz.pk/p/388aba0f947943db2ac4dd9202513cfa.jpg,,,N/A,mother & baby,baby-gear
Tinnies All-In-One Baby Bee Playpen with Sleek Design,28000,https://static-01.daraz.pk/p/7d920824dbf7310340d38accfa4d2bf5.jpg,5.0,1,N/A,mother & baby,baby-gear
Baby Carrier with Lumbar Support 360 All-Position Baby Wrap Carrier Front and Back Backpack Carrier for Breastfeeding Newborn Infant Toddler - Kids Baby Belt,1799,https://static-01.daraz.pk/p/22ea2fd713a2c263e11bbd8da7283b8e.jpg,,,N/A,mother & baby,baby-gear
All In 1 Baby Carrier Bag Baba Carry Belt Strong Material,1299,https://static-01.daraz.pk/p/abe80ed2879c19d7db036347283340f6.jpg,,,N/A,mother & baby,baby-gear
All In 1 Baby Carrier Bag Baba Carry Belt Strong Material,1294,https://static-01.daraz.pk/p/7172c58d4ec4e4a8d9ba34b09d07463c.jpg,,,N/A,mother & baby,baby-gear
"Mummy bag , Comfortable bag For All Purpose",1499,https://static-01.daraz.pk/p/388aba0f947943db2ac4dd9202513cfa.jpg,5.0,2,N/A,mother & baby,baby-gear
Pair Of Angry Birds Car Seat Belt Clips For All Cars,600,https://static-01.daraz.pk/p/4f83cd03d80aaec18ed4aff7b039f9a2.jpg,,,N/A,mother & baby,baby-gear
"EVERGREEN FUN CASE Baby Bag, School Bag and Toy Storage All In One.",6500,https://static-01.daraz.pk/p/639bcda7d6e7b46f3b9123dbe26fbaa1.jpg,,,N/A,mother & baby,baby-gear
All In 1 Baby Carrier Bag Baba Carry Belt Strong Material,2499,https://static-01.daraz.pk/p/afddaf9ed81fb57f5f727cb42d6829af.jpg,,,N/A,mother & baby,baby-gear
All Seasons NewbornFront Facing Kangaroo Wrap  Advanced 4-In-1 Baby Carrier Strap Sling Infant Hipseat Waist Belt Babies Gear,3734,https://pk-live-21.slatic.net/kf/Sb59fd70cbd53404ba56d567ed9b848e0J.jpg,,,N/A,mother & baby,baby-gear
"""Whimsical Cartoon Print Kids Crossbody Bag: Multicolor Travel Companion with Long Strap & Cute Legs! Soft Nylon Material for Comfortable Carrying - Ideal for Little Adventurers! Perfect Gift for Girls on the Go - and Stylish for All Their Travel",890,https://static-01.daraz.pk/p/5293f1192ec51993896b17a1c33f7ecf.jpg,,,N/A,mother & baby,baby-gear
"Mummy bag , Comfortable bag For All Purpose",1299,https://static-01.daraz.pk/p/388aba0f947943db2ac4dd9202513cfa.jpg,,,N/A,mother & baby,baby-gear
"Mummy bag , Comfortable bag For All Purpose",999,https://static-01.daraz.pk/p/58d4a53aeb607782a7349c6cf98ab941.jpg,4.0,5,N/A,mother & baby,baby-gear
【HOT】 Stroller Handle Sleeve Cover Stroller Armrest Sleeve Cover With Snap Closure Fits All Baby Stroller,1836,https://static-01.daraz.pk/p/d18d580fc7a697011ac9c6cff2c04c33.jpg,,,N/A,mother & baby,baby-gear
Baby Seat Straps Shoulder Pads for Kids Super Soft Stroller Seat Belt Covers for All Car Seats Pushchair Stroller High Chair,910,https://pk-live-21.slatic.net/kf/S0e99f1886e634ff2aff5904bcb6320d6o.jpg,,,N/A,mother & baby,baby-gear
"KIDS BAG FUN CASE Baby Bag, School Bag and Toy Storage All In One.",2449,https://static-01.daraz.pk/p/777ab321c31bcd4e749a5b4516a17d73.jpg,,,N/A,mother & baby,baby-gear
junior baby walker (we deal in all kids products),9550,https://static-01.daraz.pk/p/48fb7fdfa3b4d440d208890452d0044c.jpg,,,N/A,mother & baby,baby-gear
"Baby Hip Seat Carrier ,Waist Stool, Comfortable Adjustable Positions,Breastfeeding,All Seasons",3100,https://pk-live-21.slatic.net/kf/S4a0f8bbb948345d8afaabcc7669cd67bo.jpg,,,N/A,mother & baby,baby-gear
Children's Bag 2024 New Cute Girls' Shoulder Messenger Bag Internet Celebrity All-Match Princess Style Pearl Coin Purse Fashion,1415,https://static-01.daraz.pk/p/e5c4de405225889df0ce519bcb71b7ba.jpg,,,N/A,mother & baby,baby-gear
Children's Bag 2024 New Cute Girls' Shoulder Messenger Bag Internet Celebrity All-Match Princess Style Pearl Coin Purse Fashion,1415,https://static-01.daraz.pk/p/e5c4de405225889df0ce519bcb71b7ba.jpg,,,N/A,mother & baby,baby-gear
"Baby Car Seat Straps Cover Shoulder Pads for Baby, Baby Car Seat Belt Pads Seat Belt Covers for All Car Seats/Pushchair/Stroller",1394,https://pk-live-21.slatic.net/kf/Scd51e50d5ea548ebb5b5a22232fb44d6B.jpg,,,N/A,mother & baby,baby-gear
Baby Carrier Sling Versatile For All Seasons Multifunctional Shoulder Baby Carrier Four Carrying Methods Front And Back,3132,https://pk-live-21.slatic.net/kf/S7c04070cbd7f489d95951b91c6c6672c5.png,,,N/A,mother & baby,baby-gear
All In 1 Baby Carrier Bag Baba Carry Belt Strong Material - blue,1099,https://static-01.daraz.pk/p/9c3c807b46a7e485ceeaced2b9e52e2f.jpg,3.5,5,N/A,mother & baby,baby-gear
All-in-one Ergonomic Super Soft & Durable Secure Infant Baby Carrier and Waist Stool Multiple Carrying Modes Convertible All Type Best Newborn and Toddler with Removal Seat All Season Suitable Cotton Interchangeable Positions Adjustable Carrying Options,24999,https://pk-live-21.slatic.net/kf/S54a7e044944f4e8f93a9b9c28d0a0464T.jpg,,,N/A,mother & baby,baby-gear
"DCutie - CPC-Certified Hip Seat Baby Carrier - New Ergonomic Bench Design, Adjustable Waistband & Various Pockets for Newborns & Toddlers up to 44lbs, All Seasons Carrier",3999,https://static-01.daraz.pk/p/928dde701c6b5d5bfcbf5a2c5725842a.jpg,,,N/A,mother & baby,baby-gear
ergonomic soft infant baby carrier and waist stool best newborn and toddler removal seat all season cotton,15000,https://pk-live-21.slatic.net/kf/S54a7e044944f4e8f93a9b9c28d0a0464T.jpg,,,N/A,mother & baby,baby-gear
"Bellababy Baby Walker Foldable Adjustable Height, Multi-Function Anti-Rollover Toddler Walker, Suitable for All terrains for Babies Boys and Girls 7-15 Months",15499,https://static-01.daraz.pk/p/1d17cb84b9ab6a2c05bf580758ff46e4.jpg,,,N/A,mother & baby,baby-gear
"Bellababy Baby Walker Foldable Adjustable Height, Multi-Function Anti-Rollover Toddler Walker, Suitable for All terrains for Babies Boys and Girls 7-15 Months",14899,https://static-01.daraz.pk/p/ce05d21b55d45706a28ed544391b4f49.jpg,,,N/A,mother & baby,baby-gear
1 Shoulder Baby Carrier All Seasons Baby Toddler Sling Carrier Soft Breathable Lightweight Multipurpose Hands for Infant,2177,https://static-01.daraz.pk/p/6040a623c89fc62123062793e1dfa786.jpg,,,N/A,mother & baby,baby-gear
junior baby walker (we deal in all kids products),9550,https://static-01.daraz.pk/p/48fb7fdfa3b4d440d208890452d0044c.jpg,,,N/A,mother & baby,baby-gear
All In 1 Baby Carrier Bag Baba Carry Belt Strong Material,1159,https://static-01.daraz.pk/p/d46726dd0077a5b3471bc64e295bad67.jpg,,,N/A,mother & baby,baby-gear
New Born kids Clothing Bags for all kind of Baby accessories like power feeder etc | Kids bags,2499,https://pk-live-21.slatic.net/kf/Se10c878906344b78948e4436239b1544k.jpg,,,N/A,mother & baby,baby-gear
"Baby Hip Seat Carrier ,Waist Stool, Comfortable Adjustable Positions,Breastfeeding,All Seasons",3100,https://pk-live-21.slatic.net/kf/S4a0f8bbb948345d8afaabcc7669cd67bo.jpg,,,N/A,mother & baby,baby-gear
Children's Bag 2024 New Cute Girls' Shoulder Messenger Bag Internet Celebrity All-Match Princess Style Pearl Coin Purse Fashion,1415,https://static-01.daraz.pk/p/e5c4de405225889df0ce519bcb71b7ba.jpg,,,N/A,mother & baby,baby-gear
Children's Bag 2024 New Cute Girls' Shoulder Messenger Bag Internet Celebrity All-Match Princess Style Pearl Coin Purse Fashion,1415,https://static-01.daraz.pk/p/e5c4de405225889df0ce519bcb71b7ba.jpg,,,N/A,mother & baby,baby-gear
"Baby Carrier with Lumbar Support, 360 All-Position Baby Wrap Carrier, Front and Back Carry Options for Versatile Use",1699,https://static-01.daraz.pk/p/6936a5028039796827cf544c10fd27d0.jpg,,,N/A,mother & baby,baby-gear
"DD-8013 Stylish Mini Portable Handheld Desktop USB Rechargeable Fan – Versatile, Adorable, and Perfect for All Ages",1975,https://static-01.daraz.pk/p/a8b2e9529387f87a9b8f8d4205e65cd1.jpg,,,N/A,mother & baby,baby-gear
"Adjustable Child Safety Seat Mat for All Ages, Breathable Stroller Seat Pad with Comfortable Cushion",2844,https://pk-live-21.slatic.net/kf/S229d92ef5c8544e48136db729e5872d4v.jpg,,,N/A,mother & baby,baby-gear
"Baby Carrier with Lumbar Support, 360 All-Position Design for Front and Back, Backpack Style for Enhanced Mobility",1699,https://static-01.daraz.pk/p/6936a5028039796827cf544c10fd27d0.jpg,,,N/A,mother & baby,baby-gear
Baby Carrier with Lumbar Support 360 All-Position Baby Wrap Carrier Front and Back Backpack Carrier for Breastfeeding Newborn Infant Toddler - Kids Baby Belt,1799,https://static-01.daraz.pk/p/22ea2fd713a2c263e11bbd8da7283b8e.jpg,1.5,2,N/A,mother & baby,baby-gear
"1:1 Tailor-made Baby Stroller Accessories Raincoat Rain Cover for gb Pockit, gb Pockit Plus, gb Pockit All City",3106,https://pk-live-21.slatic.net/kf/S4c0ce91a53ae4c2cbc56b0efdea46bcau.jpg,,,N/A,mother & baby,baby-gear
1 Shoulder Baby Carrier Hands Baby Toddler Sling Carrier All Seasons Lightweight Multipurpose Breathable Soft for Newborn,2265,https://static-01.daraz.pk/p/ec2861dd08c7c360c30ca45d5f29001b.jpg,,,N/A,mother & baby,baby-gear
"Learning to walk with rope, strangulation, infants children, breathable traction rope all seasons, and anti loss belt for babies",3129,https://static-01.daraz.pk/p/44b68a557b6e398a94d44eb95cc24e08.jpg,,,N/A,mother & baby,baby-gear
"Multi functional baby walking children learning to walk, anti fall traction belt for preventing strangulation, universal all year round",3497,https://static-01.daraz.pk/p/9b7a93243be18eae4c2f9d6d659ad52f.jpg,,,N/A,mother & baby,baby-gear
"Baby Carrier with Lumbar Support, 360 All-Position Baby Wrap Carrier, Front and Back Carry Options for On-the-Go Exploration",1699,https://static-01.daraz.pk/p/6936a5028039796827cf544c10fd27d0.jpg,,,N/A,mother & baby,baby-gear
"Baby Carrier with Lumbar Support, 360 All-Position Design, Front and Back Backpack Carry for Parental Ease",1699,https://static-01.daraz.pk/p/6936a5028039796827cf544c10fd27d0.jpg,,,N/A,mother & baby,baby-gear
Baby Carrier with Lumbar Support 360 All-Position Baby Wrap Carrier Front and Back Backpack Carrier for Breastfeeding Newborn Infant Toddler - Kids Baby Belt,2500,https://pk-live-21.slatic.net/kf/Sb0380a7ec8e14786a9855e48498492ffm.jpg,,,N/A,mother & baby,baby-gear
junior baby walker  (we deal in all kids products),9990,https://static-01.daraz.pk/p/1cbf17edfef455d4bf52db93c7d7c81f.jpg,,,N/A,mother & baby,baby-gear
Applicable Cubot KingKong Star Material phone shell King Kong Star Phone Case All Inclusive TPU Silicone case,3000,https://static-01.daraz.pk/p/fab293aa00b56d3d8c2b0f44ada9a42d.jpg,,,N/A,mother & baby,baby-gear
"Mummy bag , Comfortable bag For All Purpose",1299,https://static-01.daraz.pk/p/58d4a53aeb607782a7349c6cf98ab941.jpg,,,N/A,mother & baby,baby-gear
"KeaBabies Baby Wrap Carrier, Nursing Cover and Car Seat Cover for Babies - All in 1 Original Breathable Baby Sling, Lightweight,Hands Free Baby Carrier Sling - Baby Car Seat Cover - Baby Carrier Wrap",1099,https://static-01.daraz.pk/p/418a13c5db8425a18e2e54d20f14200d.png,,,N/A,mother & baby,baby-gear
NEW CAR SHAPE BABYWALKER  (we deal in all kids products),11500,https://static-01.daraz.pk/p/e410588878e236849e0de7e9743e5ad2.jpg,,,N/A,mother & baby,baby-gear
R/C BABY ROCKER SWINGS ALL IN ONE SWINGS,23500,https://static-01.daraz.pk/p/3a78bb76b0bfc35967a1a8aebbabf931.jpg,,,N/A,mother & baby,baby-gear
R/C BABY ROCKER SWINGS ALL IN ONE,23500,https://static-01.daraz.pk/p/9a638dce41632558d5a74084a2eb2278.jpg,,,N/A,mother & baby,baby-gear
Fun Case Baby Bag School Bag and Toy Storage All In One,1999,https://static-01.daraz.pk/p/918039b72a1fa81e428d362e68b4dde9.jpg,4.882352941176471,17,N/A,mother & baby,baby-gear
Children's Bags Cute Fresh Cartoon Rabbit Small Square Bag Casual Versatile Handbag Shoulder Bag Personality All-Matching Western Style,3480,https://static-01.daraz.pk/p/8187c422c6b4f641c7080bfcf0e8c853.jpg,,,N/A,mother & baby,baby-gear
Children's Bag 2024 New Cute Girls' Shoulder Messenger Bag Internet Celebrity All-Match Princess Style Pearl Coin Purse Fashion,1415,https://static-01.daraz.pk/p/e5c4de405225889df0ce519bcb71b7ba.jpg,,,N/A,mother & baby,baby-gear
"Baby Car Seat Straps Cover Shoulder Pads for Baby, Baby Car Seat Belt Pads Seat Belt Covers for All Car Seats/Pushchair/Stroller",1394,https://pk-live-21.slatic.net/kf/Scd51e50d5ea548ebb5b5a22232fb44d6B.jpg,,,N/A,mother & baby,baby-gear
Baby Carrier Sling Versatile For All Seasons Multifunctional Shoulder Baby Carrier Four Carrying Methods Front And Back,3132,https://pk-live-21.slatic.net/kf/S7c04070cbd7f489d95951b91c6c6672c5.png,,,N/A,mother & baby,baby-gear
"1:1 Tailor-made Baby Stroller Accessories Raincoat Rain Cover for gb Pockit, gb Pockit Plus, gb Pockit All City",3106,https://pk-live-21.slatic.net/kf/S4c0ce91a53ae4c2cbc56b0efdea46bcau.jpg,,,N/A,mother & baby,baby-gear
"Baby Hip Seat Carrier ,Waist Stool, Comfortable Adjustable Positions,Breastfeeding,All Seasons",3083,https://pk-live-21.slatic.net/kf/S93b481505af448b28b498efbb9070b4as.jpg,,,N/A,mother & baby,baby-gear
1 Shoulder Baby Carrier Hands Baby Toddler Sling Carrier All Seasons Lightweight Multipurpose Breathable Soft for Newborn,2265,https://static-01.daraz.pk/p/ec2861dd08c7c360c30ca45d5f29001b.jpg,,,N/A,mother & baby,baby-gear
"Learning to walk with rope, strangulation, infants children, breathable traction rope all seasons, and anti loss belt for babies",3129,https://static-01.daraz.pk/p/44b68a557b6e398a94d44eb95cc24e08.jpg,,,N/A,mother & baby,baby-gear
Baby Carrier with Lumbar Support 360 All-Position Baby Wrap Carrier Front and Back Backpack Carrier for Breastfeeding Newborn Infant Toddler - Kids Baby Belt,1799,https://static-01.daraz.pk/p/23ca93f272fde7690d007b599b01e84b.jpg,,,N/A,mother & baby,baby-gear
"Mummy bag , Comfortable bag For All Purpose",1299,https://static-01.daraz.pk/p/e849fab298007cc08817d4cdb54089f9.jpg,,,N/A,mother & baby,baby-gear
"Mummy bag , Comfortable bag For All Purpose",1799,https://static-01.daraz.pk/p/388aba0f947943db2ac4dd9202513cfa.jpg,,,N/A,mother & baby,baby-gear
All In 1 Baby Carrier Bag Baba Carry Belt Strong Material,3499,https://static-01.daraz.pk/p/912843a734296073bf3937d80a54643c.jpg,,,N/A,mother & baby,baby-gear
Universal Anti Kick Kids Car Seat Back Pad Anti-Dirty All Cover Rear Phone Holder Mat Interior Storage Bag Protector Accessory,4655,https://static-01.daraz.pk/p/dafd426d66d019e6fb5d06cf7ef36202.jpg,,,N/A,mother & baby,baby-gear
Universal Anti Kick Kids Car Seat Back Pad Anti-Dirty All Cover Rear Phone Holder Mat Interior Storage Bag Protector Accessories,4655,https://static-01.daraz.pk/p/1880d9dd7b5026bb21770a71d7f5b74e.jpg,,,N/A,mother & baby,baby-gear
All Seasons NewbornFront Facing Kangaroo Wrap  Advanced 4-In-1 Baby Carrier Strap Sling Infant Hipseat Waist Belt Babies Gear,3734,https://pk-live-21.slatic.net/kf/Sb59fd70cbd53404ba56d567ed9b848e0J.jpg,,,N/A,mother & baby,baby-gear
"""Whimsical Cartoon Print Kids Crossbody Bag: Multicolor Travel Companion with Long Strap & Cute Legs! Soft Nylon Material for Comfortable Carrying - Ideal for Little Adventurers! Perfect Gift for Girls on the Go - and Stylish for All Their Travel",890,https://static-01.daraz.pk/p/5293f1192ec51993896b17a1c33f7ecf.jpg,,,N/A,mother & baby,baby-gear
"Mummy bag , Comfortable bag For All Purpose",1299,https://static-01.daraz.pk/p/388aba0f947943db2ac4dd9202513cfa.jpg,,,N/A,mother & baby,baby-gear
"Mummy bag , Comfortable bag For All Purpose",999,https://static-01.daraz.pk/p/58d4a53aeb607782a7349c6cf98ab941.jpg,4.0,5,N/A,mother & baby,baby-gear
【HOT】 Stroller Handle Sleeve Cover Stroller Armrest Sleeve Cover With Snap Closure Fits All Baby Stroller,1836,https://static-01.daraz.pk/p/d18d580fc7a697011ac9c6cff2c04c33.jpg,,,N/A,mother & baby,baby-gear
Baby Seat Straps Shoulder Pads for Kids Super Soft Stroller Seat Belt Covers for All Car Seats Pushchair Stroller High Chair,910,https://pk-live-21.slatic.net/kf/S0e99f1886e634ff2aff5904bcb6320d6o.jpg,,,N/A,mother & baby,baby-gear
"Multi functional baby walking children learning to walk, anti fall traction belt for preventing strangulation, universal all year round",3497,https://static-01.daraz.pk/p/9b7a93243be18eae4c2f9d6d659ad52f.jpg,,,N/A,mother & baby,baby-gear
2024 New Canvas Bag Large Capacity Student Tuition Bag Boys and Girls All-Match Shoulder Bag One Piece Dropshipping,3318,https://static-01.daraz.pk/p/2446e53f4e3b9da718fbd793faaee1f9.jpg,,,N/A,mother & baby,baby-gear
"Baby Carrier with Lumbar Support, 360 All-Position Baby Wrap Carrier, Front and Back Carry Options for On-the-Go Exploration",1699,https://static-01.daraz.pk/p/6936a5028039796827cf544c10fd27d0.jpg,,,N/A,mother & baby,baby-gear
"Baby Carrier with Lumbar Support, 360 All-Position Design, Front and Back Backpack Carry for Parental Ease",1699,https://static-01.daraz.pk/p/6936a5028039796827cf544c10fd27d0.jpg,,,N/A,mother & baby,baby-gear
All-In-One Comfort Baby Jhullah Swing Cot - The Multipurpose Cradle That Transforms into a Cozy Baby Coat,19599,https://static-01.daraz.pk/p/c8ff1fdee449f383c0bc408926cf230b.jpg,,,N/A,mother & baby,baby-gear
Car Seat Belt Clip Hello Kitty Design For All Cars,600,https://static-01.daraz.pk/p/822b7ab43d30cd8ccf2a88d48d4d1426.jpg,,,N/A,mother & baby,baby-gear
Car Seat Belt Clip Hello Kitty Design For All Cars,600,https://static-01.daraz.pk/p/6bb592c3df3a2690857de86b5aaea316.jpg,,,N/A,mother & baby,baby-gear
Car Seat Belt Clip Hello Kitty Design For All Cars,600,https://static-01.daraz.pk/p/a661bbe18c5f9cf56fbedce8f13c71b3.jpg,,,N/A,mother & baby,baby-gear
Pair Of Angry Birds Car Seat Belt Clips For All Cars,650,https://static-01.daraz.pk/p/1f25fbe19c1fe4ad3d2c150278393f47.jpg,,,N/A,mother & baby,baby-gear
Car Seat Belt Clip Hello Kitty Design For All Cars,600,https://static-01.daraz.pk/p/ef67655b3ed12a817546016562e34707.jpg,,,N/A,mother & baby,baby-gear
"Baby  Carrier 360 All-Position Baby Carrier for Newborn to Toddler with Lumbar Support (7-45 Pounds), Random Color",1199,https://static-01.daraz.pk/p/445de41c0b08b56e558bb9652672098c.png,,,N/A,mother & baby,baby-gear
"KIDS BAG FUN CASE Baby Bag, School Bag and Toy Storage All In One.",2449,https://static-01.daraz.pk/p/777ab321c31bcd4e749a5b4516a17d73.jpg,,,N/A,mother & baby,baby-gear
"Baby Carrier with Lumbar Support, 360 All-Position Baby Wrap Carrier, Front and Back Carry Options for Versatile Use",1699,https://static-01.daraz.pk/p/6936a5028039796827cf544c10fd27d0.jpg,,,N/A,mother & baby,baby-gear
"DD-8013 Stylish Mini Portable Handheld Desktop USB Rechargeable Fan – Versatile, Adorable, and Perfect for All Ages",1975,https://static-01.daraz.pk/p/a8b2e9529387f87a9b8f8d4205e65cd1.jpg,,,N/A,mother & baby,baby-gear
"Adjustable Child Safety Seat Mat for All Ages, Breathable Stroller Seat Pad with Comfortable Cushion",2844,https://pk-live-21.slatic.net/kf/S229d92ef5c8544e48136db729e5872d4v.jpg,,,N/A,mother & baby,baby-gear
"Baby Carrier with Lumbar Support, 360 All-Position Design for Front and Back, Backpack Style for Enhanced Mobility",1699,https://static-01.daraz.pk/p/6936a5028039796827cf544c10fd27d0.jpg,,,N/A,mother & baby,baby-gear
Baby Carrier with Lumbar Support 360 All-Position Baby Wrap Carrier Front and Back Backpack Carrier for Breastfeeding Newborn Infant Toddler - Kids Baby Belt,1799,https://static-01.daraz.pk/p/22ea2fd713a2c263e11bbd8da7283b8e.jpg,1.5,2,N/A,mother & baby,baby-gear
Baby Carrier Multifunction Breathable Ergonomic Soft Nylon Cotton All Season Baby Holder Carrier for Baby Toddler,2658,https://pk-live-21.slatic.net/kf/S4454c1daef984cc292bbcba9a0f87c7fX.jpg,5.0,1,N/A,mother & baby,baby-gear
All In 1 Baby Carrier Bag Baba Carry Belt Strong Material,1899,https://static-01.daraz.pk/p/f1f646e5005527687d2f3fb970cfe285.png,,,N/A,mother & baby,baby-gear
"Evergreen Fun Case Baby Bag, School Bag and Toy Storage All In One",2399,https://static-01.daraz.pk/p/dbff3e07089f5ea7f0cc16ab7205c13c.jpg,,,N/A,mother & baby,baby-gear
"Mummy bag , Comfortable bag For All Purpose",1799,https://static-01.daraz.pk/p/29f3fe8c8bead91cda8d2eda31d778cc.jpg,,,N/A,mother & baby,baby-gear
"Baby Helmats, Mash Breathable All-Seasonal for Boys Girls Children",2136,https://static-01.daraz.pk/p/4dba2647f2dbc5a143c566598a38b5e0.jpg,,,N/A,mother & baby,baby-gear
All In 1 Baby Carrier Bag Baba Carry Belt Strong Material,1140,https://static-01.daraz.pk/p/7df6d7d85d54e8bb64062898b51b6158.jpg,,,N/A,mother & baby,baby-gear
All In 1 Baby Carrier Bag Baba Carry Belt Strong Material,1294,https://static-01.daraz.pk/p/7172c58d4ec4e4a8d9ba34b09d07463c.jpg,,,N/A,mother & baby,baby-gear
Pair Of Angry Birds Car Seat Belt Clips For All Cars,600,https://static-01.daraz.pk/p/4f83cd03d80aaec18ed4aff7b039f9a2.jpg,,,N/A,mother & baby,baby-gear
All In 1 Baby Carrier Bag Baba Carry Belt Strong Material,2499,https://static-01.daraz.pk/p/afddaf9ed81fb57f5f727cb42d6829af.jpg,,,N/A,mother & baby,baby-gear
All In 1 Baby Carrier Bag Baba Carry Belt Strong Material,1159,https://static-01.daraz.pk/p/d46726dd0077a5b3471bc64e295bad67.jpg,,,N/A,mother & baby,baby-gear
New Born kids Clothing Bags for all kind of Baby accessories like power feeder etc | Kids bags,2499,https://pk-live-21.slatic.net/kf/Se10c878906344b78948e4436239b1544k.jpg,,,N/A,mother & baby,baby-gear
Children's Bag 2024 New Cute Girls' Shoulder Messenger Bag Internet Celebrity All-Match Princess Style Pearl Coin Purse Fashion,1415,https://static-01.daraz.pk/p/e5c4de405225889df0ce519bcb71b7ba.jpg,,,N/A,mother & baby,baby-gear
"Baby Hip Seat Carrier ,Waist Stool, Comfortable Adjustable Positions,Breastfeeding,All Seasons",3083,https://pk-live-21.slatic.net/kf/S93b481505af448b28b498efbb9070b4as.jpg,,,N/A,mother & baby,baby-gear
2024 New Canvas Bag Large Capacity Student Tuition Bag Boys and Girls All-Match Shoulder Bag One Piece Dropshipping,3318,https://static-01.daraz.pk/p/2446e53f4e3b9da718fbd793faaee1f9.jpg,,,N/A,mother & baby,baby-gear
All-In-One Comfort Baby Jhullah Swing Cot - The Multipurpose Cradle That Transforms into a Cozy Baby Coat,19599,https://static-01.daraz.pk/p/c8ff1fdee449f383c0bc408926cf230b.jpg,,,N/A,mother & baby,baby-gear
Baby Carrier with Lumbar Support 360 All-Position Baby Wrap Carrier Front and Back Backpack Carrie,1699,https://static-01.daraz.pk/p/6936a5028039796827cf544c10fd27d0.jpg,,,N/A,mother & baby,baby-gear
Universal Anti Kick Kids Car Seat Back Pad Anti-Dirty All Cover Storage Bag Car Seat Back Protector Cover Car Accessories,4655,https://static-01.daraz.pk/p/35aac29be5b0e426c4e798579f9bfeeb.jpg,,,N/A,mother & baby,baby-gear
Pair Of Angry Birds Car Seat Belt Clips For All Cars,600,https://static-01.daraz.pk/p/5100a6f3d426fc982477ba997186783e.jpg,,,N/A,mother & baby,baby-gear
Pair Of Angry Birds Car Seat Belt Clips For All Cars,600,https://static-01.daraz.pk/p/c0e388a08c3451c7da5171ae58e678dc.jpg,,,N/A,mother & baby,baby-gear
Car Seat Belt Clip Hello Kitty Design For All Cars,600,https://static-01.daraz.pk/p/bc8c6e58cd0c9db8a692b51535771ac8.jpg,,,N/A,mother & baby,baby-gear
All Carry Positions Breathable Mesh Baby Carrier with Enhanced Lumbar Support & Airflow,1499,https://static-01.daraz.pk/p/41316a00a64f20d6e5678e2ba5ff5f9e.jpg,,,N/A,mother & baby,baby-gear
Baby Carrier Newborns to Toddler 7-45lbs All Seasons Foldable Baby Carriers Front and Back with Hip Seat Lumbar Support,7764,https://pk-live-21.slatic.net/kf/S08af6a64dc104a069ebbff49a00ca46du.jpg,,,N/A,mother & baby,baby-gear
"Sling, 360Degrees Ergonomic All Season Baby Infant Toddler Newborn Carrier Front Back Wrap Rider Sling Baby Carrier, Soft Infant Newborn Baby Carrier Backpack Rider",2641,https://static-01.daraz.pk/p/1edbbd50bcd15b8f6926195b6f7d95e4.jpg,,,N/A,mother & baby,baby-gear
Stylish All Over Print Baby Diaper Bag,3250,https://static-01.daraz.pk/p/c1198b775bba000f851bd32d2818f5db.jpg,,,N/A,mother & baby,baby-gear
Baby Carrier for Newborns Lightweight Stress-free One Size Fits All for Infants Newborns,1849,https://static-01.daraz.pk/p/7a7bd19269ec9251dc3e248ef3e9ac8d.jpg,,,N/A,mother & baby,baby-gear
Umbrella Mount Holder Stroller Attachment All Angle Positioning for Children Durable and Wear-resistant Wheelchair,1407,https://static-01.daraz.pk/p/d0ea044df96331656b8d4dceb2660f3d.jpg,,,N/A,mother & baby,baby-gear
All In 1 Baby Carrier Bag Baba Carry Belt Strong Material,1899,https://static-01.daraz.pk/p/f1f646e5005527687d2f3fb970cfe285.png,,,N/A,mother & baby,baby-gear
"Evergreen Fun Case Baby Bag, School Bag and Toy Storage All In One",2399,https://static-01.daraz.pk/p/dbff3e07089f5ea7f0cc16ab7205c13c.jpg,,,N/A,mother & baby,baby-gear
"Mummy bag , Comfortable bag For All Purpose",1799,https://static-01.daraz.pk/p/29f3fe8c8bead91cda8d2eda31d778cc.jpg,,,N/A,mother & baby,baby-gear
"Baby Helmats, Mash Breathable All-Seasonal for Boys Girls Children",2136,https://static-01.daraz.pk/p/4dba2647f2dbc5a143c566598a38b5e0.jpg,,,N/A,mother & baby,baby-gear
All In 1 Baby Carrier Bag Baba Carry Belt Strong Material,1140,https://static-01.daraz.pk/p/7df6d7d85d54e8bb64062898b51b6158.jpg,,,N/A,mother & baby,baby-gear
All In 1 Baby Carrier Bag Baba Carry Belt Strong Material,1294,https://static-01.daraz.pk/p/7172c58d4ec4e4a8d9ba34b09d07463c.jpg,,,N/A,mother & baby,baby-gear
Pair Of Angry Birds Car Seat Belt Clips For All Cars,600,https://static-01.daraz.pk/p/4f83cd03d80aaec18ed4aff7b039f9a2.jpg,,,N/A,mother & baby,baby-gear
All In 1 Baby Carrier Bag Baba Carry Belt Strong Material,2499,https://static-01.daraz.pk/p/afddaf9ed81fb57f5f727cb42d6829af.jpg,,,N/A,mother & baby,baby-gear
All In 1 Baby Carrier Bag Baba Carry Belt Strong Material,1159,https://static-01.daraz.pk/p/d46726dd0077a5b3471bc64e295bad67.jpg,,,N/A,mother & baby,baby-gear
New Born kids Clothing Bags for all kind of Baby accessories like power feeder etc | Kids bags,2499,https://pk-live-21.slatic.net/kf/Se10c878906344b78948e4436239b1544k.jpg,,,N/A,mother & baby,baby-gear
Children's Bag 2024 New Cute Girls' Shoulder Messenger Bag Internet Celebrity All-Match Princess Style Pearl Coin Purse Fashion,1415,https://static-01.daraz.pk/p/e5c4de405225889df0ce519bcb71b7ba.jpg,,,N/A,mother & baby,baby-gear
"Baby Hip Seat Carrier ,Waist Stool, Comfortable Adjustable Positions,Breastfeeding,All Seasons",3083,https://pk-live-21.slatic.net/kf/S93b481505af448b28b498efbb9070b4as.jpg,,,N/A,mother & baby,baby-gear
2024 New Canvas Bag Large Capacity Student Tuition Bag Boys and Girls All-Match Shoulder Bag One Piece Dropshipping,3318,https://static-01.daraz.pk/p/2446e53f4e3b9da718fbd793faaee1f9.jpg,,,N/A,mother & baby,baby-gear
All-In-One Comfort Baby Jhullah Swing Cot - The Multipurpose Cradle That Transforms into a Cozy Baby Coat,19599,https://static-01.daraz.pk/p/c8ff1fdee449f383c0bc408926cf230b.jpg,,,N/A,mother & baby,baby-gear
Baby Carrier with Lumbar Support 360 All-Position Baby Wrap Carrier Front and Back Backpack Carrie,1699,https://static-01.daraz.pk/p/6936a5028039796827cf544c10fd27d0.jpg,,,N/A,mother & baby,baby-gear
Universal Anti Kick Kids Car Seat Back Pad Anti-Dirty All Cover Storage Bag Car Seat Back Protector Cover Car Accessories,4655,https://static-01.daraz.pk/p/35aac29be5b0e426c4e798579f9bfeeb.jpg,,,N/A,mother & baby,baby-gear
Pair Of Angry Birds Car Seat Belt Clips For All Cars,600,https://static-01.daraz.pk/p/5100a6f3d426fc982477ba997186783e.jpg,,,N/A,mother & baby,baby-gear
Pair Of Angry Birds Car Seat Belt Clips For All Cars,600,https://static-01.daraz.pk/p/c0e388a08c3451c7da5171ae58e678dc.jpg,,,N/A,mother & baby,baby-gear
Car Seat Belt Clip Hello Kitty Design For All Cars,600,https://static-01.daraz.pk/p/bc8c6e58cd0c9db8a692b51535771ac8.jpg,,,N/A,mother & baby,baby-gear
All Carry Positions Breathable Mesh Baby Carrier with Enhanced Lumbar Support & Airflow,1499,https://static-01.daraz.pk/p/41316a00a64f20d6e5678e2ba5ff5f9e.jpg,,,N/A,mother & baby,baby-gear
Baby Carrier Newborns to Toddler 7-45lbs All Seasons Foldable Baby Carriers Front and Back with Hip Seat Lumbar Support,7764,https://pk-live-21.slatic.net/kf/S08af6a64dc104a069ebbff49a00ca46du.jpg,,,N/A,mother & baby,baby-gear
"Sling, 360Degrees Ergonomic All Season Baby Infant Toddler Newborn Carrier Front Back Wrap Rider Sling Baby Carrier, Soft Infant Newborn Baby Carrier Backpack Rider",2641,https://static-01.daraz.pk/p/1edbbd50bcd15b8f6926195b6f7d95e4.jpg,,,N/A,mother & baby,baby-gear
Stylish All Over Print Baby Diaper Bag,3250,https://static-01.daraz.pk/p/c1198b775bba000f851bd32d2818f5db.jpg,,,N/A,mother & baby,baby-gear
Baby Carrier for Newborns Lightweight Stress-free One Size Fits All for Infants Newborns,1849,https://static-01.daraz.pk/p/7a7bd19269ec9251dc3e248ef3e9ac8d.jpg,,,N/A,mother & baby,baby-gear
Umbrella Mount Holder Stroller Attachment All Angle Positioning for Children Durable and Wear-resistant Wheelchair,1407,https://static-01.daraz.pk/p/d0ea044df96331656b8d4dceb2660f3d.jpg,,,N/A,mother & baby,baby-gear
